"X","title","dataset_citation","publication_citation","description","url","contact_name","contact_affiliation","email","orcid","dataset_license","project_identifier","publication_status","taxon","location_description","study_collection_area","geo_datum","gps_obfuscation_info","species_id_method","study_design","sampling_strategy","sampling_method","sampling_protocol","measurement_unit","value_transform","sample_start_date","sample_start_time","sample_end_date","sample_end_time","sample_value","sample_sex","sample_stage","sample_location","sample_collection_area","sample_lat_dd","sample_long_dd","sample_environment","additional_location_info","additional_sample_info","sample_name"
1641231,"Mosquito surveillance in South Walton County, Florida, USA. 2015","DOI:10.5281/zenodo.1220173,https://southwaltonmosquitocontrol.org/",NA,"Mosquito surveillance from the South Walton County Mosquito Control District Vector Surveillance program to survey mosquito populations.",NA,"Peter J Brabant;Peter J Brabant III",NA,NA,NA,"CC BY","VBP0000263","unpublished","Culex erraticus","Walton County",NA,NA,NA,NA,NA,NA,"light","new jersey trap catch",NA,NA,NA,NA,2015-12-03,NA,0,"female","adult","Walton County",NA,30.2923,-86.0245,NA,NA,NA,NA
1641261,"Mosquito surveillance in South Walton County, Florida, USA. 2015","DOI:10.5281/zenodo.1220173,https://southwaltonmosquitocontrol.org/",NA,"Mosquito surveillance from the South Walton County Mosquito Control District Vector Surveillance program to survey mosquito populations.",NA,"Peter J Brabant;Peter J Brabant III",NA,NA,NA,"CC BY","VBP0000263","unpublished","Culex erraticus","Walton County",NA,NA,NA,NA,NA,NA,"light","new jersey trap catch",NA,NA,NA,NA,2015-12-03,NA,16,"female","adult","Walton County",NA,30.274,-85.9961,NA,NA,NA,NA
1641267,"Mosquito surveillance in South Walton County, Florida, USA. 2015","DOI:10.5281/zenodo.1220173,https://southwaltonmosquitocontrol.org/",NA,"Mosquito surveillance from the South Walton County Mosquito Control District Vector Surveillance program to survey mosquito populations.",NA,"Peter J Brabant;Peter J Brabant III",NA,NA,NA,"CC BY","VBP0000263","unpublished","Culex erraticus","Walton County",NA,NA,NA,NA,NA,NA,"light","new jersey trap catch",NA,NA,NA,NA,2015-12-03,NA,0,"female","adult","Walton County",NA,30.3746,-86.1853,NA,NA,NA,NA
1641309,"Mosquito surveillance in South Walton County, Florida, USA. 2015","DOI:10.5281/zenodo.1220173,https://southwaltonmosquitocontrol.org/",NA,"Mosquito surveillance from the South Walton County Mosquito Control District Vector Surveillance program to survey mosquito populations.",NA,"Peter J Brabant;Peter J Brabant III",NA,NA,NA,"CC BY","VBP0000263","unpublished","Culex erraticus","Walton County",NA,NA,NA,NA,NA,NA,"light","new jersey trap catch",NA,NA,NA,NA,2015-12-03,NA,0,"female","adult","Walton County",NA,30.3892,-86.089,NA,NA,NA,NA
1641355,"Mosquito surveillance in South Walton County, Florida, USA. 2015","DOI:10.5281/zenodo.1220173,https://southwaltonmosquitocontrol.org/",NA,"Mosquito surveillance from the South Walton County Mosquito Control District Vector Surveillance program to survey mosquito populations.",NA,"Peter J Brabant;Peter J Brabant III",NA,NA,NA,"CC BY","VBP0000263","unpublished","Culex erraticus","Walton County",NA,NA,NA,NA,NA,NA,"light","new jersey trap catch",NA,NA,NA,NA,2015-12-03,NA,0,"female","adult","Walton County",NA,30.278,-86.001,NA,NA,NA,NA
1641400,"Mosquito surveillance in South Walton County, Florida, USA. 2015","DOI:10.5281/zenodo.1220173,https://southwaltonmosquitocontrol.org/",NA,"Mosquito surveillance from the South Walton County Mosquito Control District Vector Surveillance program to survey mosquito populations.",NA,"Peter J Brabant;Peter J Brabant III",NA,NA,NA,"CC BY","VBP0000263","unpublished","Culex erraticus","Walton County",NA,NA,NA,NA,NA,NA,"light","new jersey trap catch",NA,NA,NA,NA,2015-12-03,NA,0,"female","adult","Walton County",NA,30.3178,-86.1149,NA,NA,NA,NA
1641444,"Mosquito surveillance in South Walton County, Florida, USA. 2015","DOI:10.5281/zenodo.1220173,https://southwaltonmosquitocontrol.org/",NA,"Mosquito surveillance from the South Walton County Mosquito Control District Vector Surveillance program to survey mosquito populations.",NA,"Peter J Brabant;Peter J Brabant III",NA,NA,NA,"CC BY","VBP0000263","unpublished","Culex erraticus","Walton County",NA,NA,NA,NA,NA,NA,"light","new jersey trap catch",NA,NA,NA,NA,2015-12-07,NA,0,"female","adult","Walton County",NA,30.2923,-86.0245,NA,NA,NA,NA
1641489,"Mosquito surveillance in South Walton County, Florida, USA. 2015","DOI:10.5281/zenodo.1220173,https://southwaltonmosquitocontrol.org/",NA,"Mosquito surveillance from the South Walton County Mosquito Control District Vector Surveillance program to survey mosquito populations.",NA,"Peter J Brabant;Peter J Brabant III",NA,NA,NA,"CC BY","VBP0000263","unpublished","Culex erraticus","Walton County",NA,NA,NA,NA,NA,NA,"light","new jersey trap catch",NA,NA,NA,NA,2015-12-07,NA,0,"female","adult","Walton County",NA,30.3551,-86.2404,NA,NA,NA,NA
1641523,"Mosquito surveillance in South Walton County, Florida, USA. 2015","DOI:10.5281/zenodo.1220173,https://southwaltonmosquitocontrol.org/",NA,"Mosquito surveillance from the South Walton County Mosquito Control District Vector Surveillance program to survey mosquito populations.",NA,"Peter J Brabant;Peter J Brabant III",NA,NA,NA,"CC BY","VBP0000263","unpublished","Culex erraticus","Walton County",NA,NA,NA,NA,NA,NA,"light","new jersey trap catch",NA,NA,NA,NA,2015-12-07,NA,0,"female","adult","Walton County",NA,30.3892,-86.089,NA,NA,NA,NA
1641559,"Mosquito surveillance in South Walton County, Florida, USA. 2015","DOI:10.5281/zenodo.1220173,https://southwaltonmosquitocontrol.org/",NA,"Mosquito surveillance from the South Walton County Mosquito Control District Vector Surveillance program to survey mosquito populations.",NA,"Peter J Brabant;Peter J Brabant III",NA,NA,NA,"CC BY","VBP0000263","unpublished","Culex erraticus","Walton County",NA,NA,NA,NA,NA,NA,"light","new jersey trap catch",NA,NA,NA,NA,2015-12-07,NA,4,"female","adult","Walton County",NA,30.3496,-86.2123,NA,NA,NA,NA
1641573,"Mosquito surveillance in South Walton County, Florida, USA. 2015","DOI:10.5281/zenodo.1220173,https://southwaltonmosquitocontrol.org/",NA,"Mosquito surveillance from the South Walton County Mosquito Control District Vector Surveillance program to survey mosquito populations.",NA,"Peter J Brabant;Peter J Brabant III",NA,NA,NA,"CC BY","VBP0000263","unpublished","Culex erraticus","Walton County",NA,NA,NA,NA,NA,NA,"light","new jersey trap catch",NA,NA,NA,NA,2015-12-07,NA,0,"female","adult","Walton County",NA,30.278,-86.001,NA,NA,NA,NA
1641619,"Mosquito surveillance in South Walton County, Florida, USA. 2015","DOI:10.5281/zenodo.1220173,https://southwaltonmosquitocontrol.org/",NA,"Mosquito surveillance from the South Walton County Mosquito Control District Vector Surveillance program to survey mosquito populations.",NA,"Peter J Brabant;Peter J Brabant III",NA,NA,NA,"CC BY","VBP0000263","unpublished","Culex erraticus","Walton County",NA,NA,NA,NA,NA,NA,"light","new jersey trap catch",NA,NA,NA,NA,2015-12-07,NA,0,"female","adult","Walton County",NA,30.3178,-86.1149,NA,NA,NA,NA
1641662,"Mosquito surveillance in South Walton County, Florida, USA. 2015","DOI:10.5281/zenodo.1220173,https://southwaltonmosquitocontrol.org/",NA,"Mosquito surveillance from the South Walton County Mosquito Control District Vector Surveillance program to survey mosquito populations.",NA,"Peter J Brabant;Peter J Brabant III",NA,NA,NA,"CC BY","VBP0000263","unpublished","Culex erraticus","Walton County",NA,NA,NA,NA,NA,NA,"light","new jersey trap catch",NA,NA,NA,NA,2015-12-10,NA,0,"female","adult","Walton County",NA,30.2923,-86.0245,NA,NA,NA,NA
1641708,"Mosquito surveillance in South Walton County, Florida, USA. 2015","DOI:10.5281/zenodo.1220173,https://southwaltonmosquitocontrol.org/",NA,"Mosquito surveillance from the South Walton County Mosquito Control District Vector Surveillance program to survey mosquito populations.",NA,"Peter J Brabant;Peter J Brabant III",NA,NA,NA,"CC BY","VBP0000263","unpublished","Culex erraticus","Walton County",NA,NA,NA,NA,NA,NA,"light","new jersey trap catch",NA,NA,NA,NA,2015-12-10,NA,0,"female","adult","Walton County",NA,30.3551,-86.2404,NA,NA,NA,NA
1641743,"Mosquito surveillance in South Walton County, Florida, USA. 2015","DOI:10.5281/zenodo.1220173,https://southwaltonmosquitocontrol.org/",NA,"Mosquito surveillance from the South Walton County Mosquito Control District Vector Surveillance program to survey mosquito populations.",NA,"Peter J Brabant;Peter J Brabant III",NA,NA,NA,"CC BY","VBP0000263","unpublished","Culex erraticus","Walton County",NA,NA,NA,NA,NA,NA,"light","new jersey trap catch",NA,NA,NA,NA,2015-12-10,NA,0,"female","adult","Walton County",NA,30.3892,-86.089,NA,NA,NA,NA
1641779,"Mosquito surveillance in South Walton County, Florida, USA. 2015","DOI:10.5281/zenodo.1220173,https://southwaltonmosquitocontrol.org/",NA,"Mosquito surveillance from the South Walton County Mosquito Control District Vector Surveillance program to survey mosquito populations.",NA,"Peter J Brabant;Peter J Brabant III",NA,NA,NA,"CC BY","VBP0000263","unpublished","Culex erraticus","Walton County",NA,NA,NA,NA,NA,NA,"light","new jersey trap catch",NA,NA,NA,NA,2015-12-10,NA,1,"female","adult","Walton County",NA,30.3496,-86.2123,NA,NA,NA,NA
1641796,"Mosquito surveillance in South Walton County, Florida, USA. 2015","DOI:10.5281/zenodo.1220173,https://southwaltonmosquitocontrol.org/",NA,"Mosquito surveillance from the South Walton County Mosquito Control District Vector Surveillance program to survey mosquito populations.",NA,"Peter J Brabant;Peter J Brabant III",NA,NA,NA,"CC BY","VBP0000263","unpublished","Culex erraticus","Walton County",NA,NA,NA,NA,NA,NA,"light","new jersey trap catch",NA,NA,NA,NA,2015-12-10,NA,0,"female","adult","Walton County",NA,30.278,-86.001,NA,NA,NA,NA
1641838,"Mosquito surveillance in South Walton County, Florida, USA. 2015","DOI:10.5281/zenodo.1220173,https://southwaltonmosquitocontrol.org/",NA,"Mosquito surveillance from the South Walton County Mosquito Control District Vector Surveillance program to survey mosquito populations.",NA,"Peter J Brabant;Peter J Brabant III",NA,NA,NA,"CC BY","VBP0000263","unpublished","Culex erraticus","Walton County",NA,NA,NA,NA,NA,NA,"light","new jersey trap catch",NA,NA,NA,NA,2015-12-10,NA,3,"female","adult","Walton County",NA,30.3612,-86.0957,NA,NA,NA,NA
1641848,"Mosquito surveillance in South Walton County, Florida, USA. 2015","DOI:10.5281/zenodo.1220173,https://southwaltonmosquitocontrol.org/",NA,"Mosquito surveillance from the South Walton County Mosquito Control District Vector Surveillance program to survey mosquito populations.",NA,"Peter J Brabant;Peter J Brabant III",NA,NA,NA,"CC BY","VBP0000263","unpublished","Culex erraticus","Walton County",NA,NA,NA,NA,NA,NA,"light","new jersey trap catch",NA,NA,NA,NA,2015-12-10,NA,0,"female","adult","Walton County",NA,30.3178,-86.1149,NA,NA,NA,NA
1641893,"Mosquito surveillance in South Walton County, Florida, USA. 2015","DOI:10.5281/zenodo.1220173,https://southwaltonmosquitocontrol.org/",NA,"Mosquito surveillance from the South Walton County Mosquito Control District Vector Surveillance program to survey mosquito populations.",NA,"Peter J Brabant;Peter J Brabant III",NA,NA,NA,"CC BY","VBP0000263","unpublished","Culex erraticus","Walton County",NA,NA,NA,NA,NA,NA,"light","new jersey trap catch",NA,NA,NA,NA,2015-12-14,NA,0,"female","adult","Walton County",NA,30.2923,-86.0245,NA,NA,NA,NA
1641923,"Mosquito surveillance in South Walton County, Florida, USA. 2015","DOI:10.5281/zenodo.1220173,https://southwaltonmosquitocontrol.org/",NA,"Mosquito surveillance from the South Walton County Mosquito Control District Vector Surveillance program to survey mosquito populations.",NA,"Peter J Brabant;Peter J Brabant III",NA,NA,NA,"CC BY","VBP0000263","unpublished","Culex erraticus","Walton County",NA,NA,NA,NA,NA,NA,"light","new jersey trap catch",NA,NA,NA,NA,2015-12-14,NA,0,"female","adult","Walton County",NA,30.274,-85.9961,NA,NA,NA,NA
1641957,"Mosquito surveillance in South Walton County, Florida, USA. 2015","DOI:10.5281/zenodo.1220173,https://southwaltonmosquitocontrol.org/",NA,"Mosquito surveillance from the South Walton County Mosquito Control District Vector Surveillance program to survey mosquito populations.",NA,"Peter J Brabant;Peter J Brabant III",NA,NA,NA,"CC BY","VBP0000263","unpublished","Culex erraticus","Walton County",NA,NA,NA,NA,NA,NA,"light","new jersey trap catch",NA,NA,NA,NA,2015-12-14,NA,0,"female","adult","Walton County",NA,30.3818,-86.2935,NA,NA,NA,NA
1641993,"Mosquito surveillance in South Walton County, Florida, USA. 2015","DOI:10.5281/zenodo.1220173,https://southwaltonmosquitocontrol.org/",NA,"Mosquito surveillance from the South Walton County Mosquito Control District Vector Surveillance program to survey mosquito populations.",NA,"Peter J Brabant;Peter J Brabant III",NA,NA,NA,"CC BY","VBP0000263","unpublished","Culex erraticus","Walton County",NA,NA,NA,NA,NA,NA,"light","new jersey trap catch",NA,NA,NA,NA,2015-12-14,NA,0,"female","adult","Walton County",NA,30.3892,-86.089,NA,NA,NA,NA
1642042,"Mosquito surveillance in South Walton County, Florida, USA. 2015","DOI:10.5281/zenodo.1220173,https://southwaltonmosquitocontrol.org/",NA,"Mosquito surveillance from the South Walton County Mosquito Control District Vector Surveillance program to survey mosquito populations.",NA,"Peter J Brabant;Peter J Brabant III",NA,NA,NA,"CC BY","VBP0000263","unpublished","Culex erraticus","Walton County",NA,NA,NA,NA,NA,NA,"light","new jersey trap catch",NA,NA,NA,NA,2015-12-14,NA,0,"female","adult","Walton County",NA,30.3736,-86.3215,NA,NA,NA,NA
1642108,"Mosquito surveillance in South Walton County, Florida, USA. 2015","DOI:10.5281/zenodo.1220173,https://southwaltonmosquitocontrol.org/",NA,"Mosquito surveillance from the South Walton County Mosquito Control District Vector Surveillance program to survey mosquito populations.",NA,"Peter J Brabant;Peter J Brabant III",NA,NA,NA,"CC BY","VBP0000263","unpublished","Culex erraticus","Walton County",NA,NA,NA,NA,NA,NA,"light","new jersey trap catch",NA,NA,NA,NA,2015-12-17,NA,0,"female","adult","Walton County",NA,30.3776,-86.1523,NA,NA,NA,NA
1642138,"Mosquito surveillance in South Walton County, Florida, USA. 2015","DOI:10.5281/zenodo.1220173,https://southwaltonmosquitocontrol.org/",NA,"Mosquito surveillance from the South Walton County Mosquito Control District Vector Surveillance program to survey mosquito populations.",NA,"Peter J Brabant;Peter J Brabant III",NA,NA,NA,"CC BY","VBP0000263","unpublished","Culex erraticus","Walton County",NA,NA,NA,NA,NA,NA,"light","new jersey trap catch",NA,NA,NA,NA,2015-12-17,NA,0,"female","adult","Walton County",NA,30.2923,-86.0245,NA,NA,NA,NA
1642168,"Mosquito surveillance in South Walton County, Florida, USA. 2015","DOI:10.5281/zenodo.1220173,https://southwaltonmosquitocontrol.org/",NA,"Mosquito surveillance from the South Walton County Mosquito Control District Vector Surveillance program to survey mosquito populations.",NA,"Peter J Brabant;Peter J Brabant III",NA,NA,NA,"CC BY","VBP0000263","unpublished","Culex erraticus","Walton County",NA,NA,NA,NA,NA,NA,"light","new jersey trap catch",NA,NA,NA,NA,2015-12-17,NA,0,"female","adult","Walton County",NA,30.274,-85.9961,NA,NA,NA,NA
1642212,"Mosquito surveillance in South Walton County, Florida, USA. 2015","DOI:10.5281/zenodo.1220173,https://southwaltonmosquitocontrol.org/",NA,"Mosquito surveillance from the South Walton County Mosquito Control District Vector Surveillance program to survey mosquito populations.",NA,"Peter J Brabant;Peter J Brabant III",NA,NA,NA,"CC BY","VBP0000263","unpublished","Culex erraticus","Walton County",NA,NA,NA,NA,NA,NA,"light","new jersey trap catch",NA,NA,NA,NA,2015-12-17,NA,0,"female","adult","Walton County",NA,30.3892,-86.089,NA,NA,NA,NA
1642265,"Mosquito surveillance in South Walton County, Florida, USA. 2015","DOI:10.5281/zenodo.1220173,https://southwaltonmosquitocontrol.org/",NA,"Mosquito surveillance from the South Walton County Mosquito Control District Vector Surveillance program to survey mosquito populations.",NA,"Peter J Brabant;Peter J Brabant III",NA,NA,NA,"CC BY","VBP0000263","unpublished","Culex erraticus","Walton County",NA,NA,NA,NA,NA,NA,"light","new jersey trap catch",NA,NA,NA,NA,2015-12-17,NA,0,"female","adult","Walton County",NA,30.278,-86.001,NA,NA,NA,NA
1642312,"Mosquito surveillance in South Walton County, Florida, USA. 2015","DOI:10.5281/zenodo.1220173,https://southwaltonmosquitocontrol.org/",NA,"Mosquito surveillance from the South Walton County Mosquito Control District Vector Surveillance program to survey mosquito populations.",NA,"Peter J Brabant;Peter J Brabant III",NA,NA,NA,"CC BY","VBP0000263","unpublished","Culex erraticus","Walton County",NA,NA,NA,NA,NA,NA,"light","new jersey trap catch",NA,NA,NA,NA,2015-12-17,NA,0,"female","adult","Walton County",NA,30.3178,-86.1149,NA,NA,NA,NA
1734016,"Mosquito surveillance in South Walton County, Florida, USA. 2016","DOI:10.5281/zenodo.1220176,https://southwaltonmosquitocontrol.org/",NA,"Mosquito surveillance from the South Walton County Mosquito Control District Vector Surveillance program to survey mosquito populations.",NA,"Peter J Brabant;Peter J Brabant III",NA,NA,NA,"CC BY","VBP0000264","unpublished","Culex erraticus","Walton County",NA,NA,NA,NA,NA,NA,"light","new jersey trap catch",NA,NA,NA,NA,2016-09-29,NA,0,"female","adult","Walton County",NA,30.3295,-86.1582,NA,NA,NA,NA
1734045,"Mosquito surveillance in South Walton County, Florida, USA. 2016","DOI:10.5281/zenodo.1220176,https://southwaltonmosquitocontrol.org/",NA,"Mosquito surveillance from the South Walton County Mosquito Control District Vector Surveillance program to survey mosquito populations.",NA,"Peter J Brabant;Peter J Brabant III",NA,NA,NA,"CC BY","VBP0000264","unpublished","Culex erraticus","Walton County",NA,NA,NA,NA,NA,NA,"light","new jersey trap catch",NA,NA,NA,NA,2016-10-03,NA,0,"female","adult","Walton County",NA,30.3813,-86.3593,NA,NA,NA,NA
1734070,"Mosquito surveillance in South Walton County, Florida, USA. 2016","DOI:10.5281/zenodo.1220176,https://southwaltonmosquitocontrol.org/",NA,"Mosquito surveillance from the South Walton County Mosquito Control District Vector Surveillance program to survey mosquito populations.",NA,"Peter J Brabant;Peter J Brabant III",NA,NA,NA,"CC BY","VBP0000264","unpublished","Culex erraticus","Walton County",NA,NA,NA,NA,NA,NA,"light","new jersey trap catch",NA,NA,NA,NA,2016-10-03,NA,0,"female","adult","Walton County",NA,30.3904,-86.2179,NA,NA,NA,NA
1734095,"Mosquito surveillance in South Walton County, Florida, USA. 2016","DOI:10.5281/zenodo.1220176,https://southwaltonmosquitocontrol.org/",NA,"Mosquito surveillance from the South Walton County Mosquito Control District Vector Surveillance program to survey mosquito populations.",NA,"Peter J Brabant;Peter J Brabant III",NA,NA,NA,"CC BY","VBP0000264","unpublished","Culex erraticus","Walton County",NA,NA,NA,NA,NA,NA,"light","new jersey trap catch",NA,NA,NA,NA,2016-10-03,NA,0,"female","adult","Walton County",NA,30.3776,-86.1523,NA,NA,NA,NA
1734122,"Mosquito surveillance in South Walton County, Florida, USA. 2016","DOI:10.5281/zenodo.1220176,https://southwaltonmosquitocontrol.org/",NA,"Mosquito surveillance from the South Walton County Mosquito Control District Vector Surveillance program to survey mosquito populations.",NA,"Peter J Brabant;Peter J Brabant III",NA,NA,NA,"CC BY","VBP0000264","unpublished","Culex erraticus","Walton County",NA,NA,NA,NA,NA,NA,"light","new jersey trap catch",NA,NA,NA,NA,2016-10-03,NA,0,"female","adult","Walton County",NA,30.2923,-86.0245,NA,NA,NA,NA
1734148,"Mosquito surveillance in South Walton County, Florida, USA. 2016","DOI:10.5281/zenodo.1220176,https://southwaltonmosquitocontrol.org/",NA,"Mosquito surveillance from the South Walton County Mosquito Control District Vector Surveillance program to survey mosquito populations.",NA,"Peter J Brabant;Peter J Brabant III",NA,NA,NA,"CC BY","VBP0000264","unpublished","Culex erraticus","Walton County",NA,NA,NA,NA,NA,NA,"light","new jersey trap catch",NA,NA,NA,NA,2016-10-03,NA,0,"female","adult","Walton County",NA,30.274,-85.9961,NA,NA,NA,NA
1734174,"Mosquito surveillance in South Walton County, Florida, USA. 2016","DOI:10.5281/zenodo.1220176,https://southwaltonmosquitocontrol.org/",NA,"Mosquito surveillance from the South Walton County Mosquito Control District Vector Surveillance program to survey mosquito populations.",NA,"Peter J Brabant;Peter J Brabant III",NA,NA,NA,"CC BY","VBP0000264","unpublished","Culex erraticus","Walton County",NA,NA,NA,NA,NA,NA,"light","new jersey trap catch",NA,NA,NA,NA,2016-10-03,NA,0,"female","adult","Walton County",NA,30.3746,-86.1853,NA,NA,NA,NA
1734227,"Mosquito surveillance in South Walton County, Florida, USA. 2016","DOI:10.5281/zenodo.1220176,https://southwaltonmosquitocontrol.org/",NA,"Mosquito surveillance from the South Walton County Mosquito Control District Vector Surveillance program to survey mosquito populations.",NA,"Peter J Brabant;Peter J Brabant III",NA,NA,NA,"CC BY","VBP0000264","unpublished","Culex erraticus","Walton County",NA,NA,NA,NA,NA,NA,"light","new jersey trap catch",NA,NA,NA,NA,2016-10-03,NA,0,"female","adult","Walton County",NA,30.3551,-86.2404,NA,NA,NA,NA
1734255,"Mosquito surveillance in South Walton County, Florida, USA. 2016","DOI:10.5281/zenodo.1220176,https://southwaltonmosquitocontrol.org/",NA,"Mosquito surveillance from the South Walton County Mosquito Control District Vector Surveillance program to survey mosquito populations.",NA,"Peter J Brabant;Peter J Brabant III",NA,NA,NA,"CC BY","VBP0000264","unpublished","Culex erraticus","Walton County",NA,NA,NA,NA,NA,NA,"light","new jersey trap catch",NA,NA,NA,NA,2016-10-03,NA,0,"female","adult","Walton County",NA,30.3972,-86.3963,NA,NA,NA,NA
1734281,"Mosquito surveillance in South Walton County, Florida, USA. 2016","DOI:10.5281/zenodo.1220176,https://southwaltonmosquitocontrol.org/",NA,"Mosquito surveillance from the South Walton County Mosquito Control District Vector Surveillance program to survey mosquito populations.",NA,"Peter J Brabant;Peter J Brabant III",NA,NA,NA,"CC BY","VBP0000264","unpublished","Culex erraticus","Walton County",NA,NA,NA,NA,NA,NA,"light","new jersey trap catch",NA,NA,NA,NA,2016-10-03,NA,0,"female","adult","Walton County",NA,30.3892,-86.089,NA,NA,NA,NA
1734305,"Mosquito surveillance in South Walton County, Florida, USA. 2016","DOI:10.5281/zenodo.1220176,https://southwaltonmosquitocontrol.org/",NA,"Mosquito surveillance from the South Walton County Mosquito Control District Vector Surveillance program to survey mosquito populations.",NA,"Peter J Brabant;Peter J Brabant III",NA,NA,NA,"CC BY","VBP0000264","unpublished","Culex erraticus","Walton County",NA,NA,NA,NA,NA,NA,"light","new jersey trap catch",NA,NA,NA,NA,2016-10-03,NA,0,"female","adult","Walton County",NA,30.4095,-86.2297,NA,NA,NA,NA
1734333,"Mosquito surveillance in South Walton County, Florida, USA. 2016","DOI:10.5281/zenodo.1220176,https://southwaltonmosquitocontrol.org/",NA,"Mosquito surveillance from the South Walton County Mosquito Control District Vector Surveillance program to survey mosquito populations.",NA,"Peter J Brabant;Peter J Brabant III",NA,NA,NA,"CC BY","VBP0000264","unpublished","Culex erraticus","Walton County",NA,NA,NA,NA,NA,NA,"light","new jersey trap catch",NA,NA,NA,NA,2016-10-03,NA,0,"female","adult","Walton County",NA,30.3708,-86.1198,NA,NA,NA,NA
1734386,"Mosquito surveillance in South Walton County, Florida, USA. 2016","DOI:10.5281/zenodo.1220176,https://southwaltonmosquitocontrol.org/",NA,"Mosquito surveillance from the South Walton County Mosquito Control District Vector Surveillance program to survey mosquito populations.",NA,"Peter J Brabant;Peter J Brabant III",NA,NA,NA,"CC BY","VBP0000264","unpublished","Culex erraticus","Walton County",NA,NA,NA,NA,NA,NA,"light","new jersey trap catch",NA,NA,NA,NA,2016-10-03,NA,0,"female","adult","Walton County",NA,30.4025,-86.3158,NA,NA,NA,NA
1734414,"Mosquito surveillance in South Walton County, Florida, USA. 2016","DOI:10.5281/zenodo.1220176,https://southwaltonmosquitocontrol.org/",NA,"Mosquito surveillance from the South Walton County Mosquito Control District Vector Surveillance program to survey mosquito populations.",NA,"Peter J Brabant;Peter J Brabant III",NA,NA,NA,"CC BY","VBP0000264","unpublished","Culex erraticus","Walton County",NA,NA,NA,NA,NA,NA,"light","new jersey trap catch",NA,NA,NA,NA,2016-10-03,NA,0,"female","adult","Walton County",NA,30.415,-86.243,NA,NA,NA,NA
1734443,"Mosquito surveillance in South Walton County, Florida, USA. 2016","DOI:10.5281/zenodo.1220176,https://southwaltonmosquitocontrol.org/",NA,"Mosquito surveillance from the South Walton County Mosquito Control District Vector Surveillance program to survey mosquito populations.",NA,"Peter J Brabant;Peter J Brabant III",NA,NA,NA,"CC BY","VBP0000264","unpublished","Culex erraticus","Walton County",NA,NA,NA,NA,NA,NA,"light","new jersey trap catch",NA,NA,NA,NA,2016-10-03,NA,0,"female","adult","Walton County",NA,30.3736,-86.3215,NA,NA,NA,NA
1734470,"Mosquito surveillance in South Walton County, Florida, USA. 2016","DOI:10.5281/zenodo.1220176,https://southwaltonmosquitocontrol.org/",NA,"Mosquito surveillance from the South Walton County Mosquito Control District Vector Surveillance program to survey mosquito populations.",NA,"Peter J Brabant;Peter J Brabant III",NA,NA,NA,"CC BY","VBP0000264","unpublished","Culex erraticus","Walton County",NA,NA,NA,NA,NA,NA,"light","new jersey trap catch",NA,NA,NA,NA,2016-10-03,NA,0,"female","adult","Walton County",NA,30.3469,-86.0694,NA,NA,NA,NA
1734498,"Mosquito surveillance in South Walton County, Florida, USA. 2016","DOI:10.5281/zenodo.1220176,https://southwaltonmosquitocontrol.org/",NA,"Mosquito surveillance from the South Walton County Mosquito Control District Vector Surveillance program to survey mosquito populations.",NA,"Peter J Brabant;Peter J Brabant III",NA,NA,NA,"CC BY","VBP0000264","unpublished","Culex erraticus","Walton County",NA,NA,NA,NA,NA,NA,"light","new jersey trap catch",NA,NA,NA,NA,2016-10-03,NA,0,"female","adult","Walton County",NA,30.3717,-86.2655,NA,NA,NA,NA
1734527,"Mosquito surveillance in South Walton County, Florida, USA. 2016","DOI:10.5281/zenodo.1220176,https://southwaltonmosquitocontrol.org/",NA,"Mosquito surveillance from the South Walton County Mosquito Control District Vector Surveillance program to survey mosquito populations.",NA,"Peter J Brabant;Peter J Brabant III",NA,NA,NA,"CC BY","VBP0000264","unpublished","Culex erraticus","Walton County",NA,NA,NA,NA,NA,NA,"light","new jersey trap catch",NA,NA,NA,NA,2016-10-03,NA,0,"female","adult","Walton County",NA,30.365,-86.2261,NA,NA,NA,NA
1734626,"Mosquito surveillance in South Walton County, Florida, USA. 2016","DOI:10.5281/zenodo.1220176,https://southwaltonmosquitocontrol.org/",NA,"Mosquito surveillance from the South Walton County Mosquito Control District Vector Surveillance program to survey mosquito populations.",NA,"Peter J Brabant;Peter J Brabant III",NA,NA,NA,"CC BY","VBP0000264","unpublished","Culex erraticus","Walton County",NA,NA,NA,NA,NA,NA,"light","new jersey trap catch",NA,NA,NA,NA,2016-10-06,NA,0,"female","adult","Walton County",NA,30.3813,-86.3593,NA,NA,NA,NA
1734652,"Mosquito surveillance in South Walton County, Florida, USA. 2016","DOI:10.5281/zenodo.1220176,https://southwaltonmosquitocontrol.org/",NA,"Mosquito surveillance from the South Walton County Mosquito Control District Vector Surveillance program to survey mosquito populations.",NA,"Peter J Brabant;Peter J Brabant III",NA,NA,NA,"CC BY","VBP0000264","unpublished","Culex erraticus","Walton County",NA,NA,NA,NA,NA,NA,"light","new jersey trap catch",NA,NA,NA,NA,2016-10-06,NA,0,"female","adult","Walton County",NA,30.3904,-86.2179,NA,NA,NA,NA
1734679,"Mosquito surveillance in South Walton County, Florida, USA. 2016","DOI:10.5281/zenodo.1220176,https://southwaltonmosquitocontrol.org/",NA,"Mosquito surveillance from the South Walton County Mosquito Control District Vector Surveillance program to survey mosquito populations.",NA,"Peter J Brabant;Peter J Brabant III",NA,NA,NA,"CC BY","VBP0000264","unpublished","Culex erraticus","Walton County",NA,NA,NA,NA,NA,NA,"light","new jersey trap catch",NA,NA,NA,NA,2016-10-06,NA,0,"female","adult","Walton County",NA,30.2923,-86.0245,NA,NA,NA,NA
1734732,"Mosquito surveillance in South Walton County, Florida, USA. 2016","DOI:10.5281/zenodo.1220176,https://southwaltonmosquitocontrol.org/",NA,"Mosquito surveillance from the South Walton County Mosquito Control District Vector Surveillance program to survey mosquito populations.",NA,"Peter J Brabant;Peter J Brabant III",NA,NA,NA,"CC BY","VBP0000264","unpublished","Culex erraticus","Walton County",NA,NA,NA,NA,NA,NA,"light","new jersey trap catch",NA,NA,NA,NA,2016-10-06,NA,0,"female","adult","Walton County",NA,30.3746,-86.1853,NA,NA,NA,NA
1734759,"Mosquito surveillance in South Walton County, Florida, USA. 2016","DOI:10.5281/zenodo.1220176,https://southwaltonmosquitocontrol.org/",NA,"Mosquito surveillance from the South Walton County Mosquito Control District Vector Surveillance program to survey mosquito populations.",NA,"Peter J Brabant;Peter J Brabant III",NA,NA,NA,"CC BY","VBP0000264","unpublished","Culex erraticus","Walton County",NA,NA,NA,NA,NA,NA,"light","new jersey trap catch",NA,NA,NA,NA,2016-10-06,NA,0,"female","adult","Walton County",NA,30.3818,-86.2935,NA,NA,NA,NA
1734787,"Mosquito surveillance in South Walton County, Florida, USA. 2016","DOI:10.5281/zenodo.1220176,https://southwaltonmosquitocontrol.org/",NA,"Mosquito surveillance from the South Walton County Mosquito Control District Vector Surveillance program to survey mosquito populations.",NA,"Peter J Brabant;Peter J Brabant III",NA,NA,NA,"CC BY","VBP0000264","unpublished","Culex erraticus","Walton County",NA,NA,NA,NA,NA,NA,"light","new jersey trap catch",NA,NA,NA,NA,2016-10-06,NA,0,"female","adult","Walton County",NA,30.3972,-86.3963,NA,NA,NA,NA
1734817,"Mosquito surveillance in South Walton County, Florida, USA. 2016","DOI:10.5281/zenodo.1220176,https://southwaltonmosquitocontrol.org/",NA,"Mosquito surveillance from the South Walton County Mosquito Control District Vector Surveillance program to survey mosquito populations.",NA,"Peter J Brabant;Peter J Brabant III",NA,NA,NA,"CC BY","VBP0000264","unpublished","Culex erraticus","Walton County",NA,NA,NA,NA,NA,NA,"light","new jersey trap catch",NA,NA,NA,NA,2016-10-06,NA,0,"female","adult","Walton County",NA,30.3708,-86.1198,NA,NA,NA,NA
1734869,"Mosquito surveillance in South Walton County, Florida, USA. 2016","DOI:10.5281/zenodo.1220176,https://southwaltonmosquitocontrol.org/",NA,"Mosquito surveillance from the South Walton County Mosquito Control District Vector Surveillance program to survey mosquito populations.",NA,"Peter J Brabant;Peter J Brabant III",NA,NA,NA,"CC BY","VBP0000264","unpublished","Culex erraticus","Walton County",NA,NA,NA,NA,NA,NA,"light","new jersey trap catch",NA,NA,NA,NA,2016-10-06,NA,0,"female","adult","Walton County",NA,30.4025,-86.3158,NA,NA,NA,NA
1734896,"Mosquito surveillance in South Walton County, Florida, USA. 2016","DOI:10.5281/zenodo.1220176,https://southwaltonmosquitocontrol.org/",NA,"Mosquito surveillance from the South Walton County Mosquito Control District Vector Surveillance program to survey mosquito populations.",NA,"Peter J Brabant;Peter J Brabant III",NA,NA,NA,"CC BY","VBP0000264","unpublished","Culex erraticus","Walton County",NA,NA,NA,NA,NA,NA,"light","new jersey trap catch",NA,NA,NA,NA,2016-10-06,NA,0,"female","adult","Walton County",NA,30.415,-86.243,NA,NA,NA,NA
1734924,"Mosquito surveillance in South Walton County, Florida, USA. 2016","DOI:10.5281/zenodo.1220176,https://southwaltonmosquitocontrol.org/",NA,"Mosquito surveillance from the South Walton County Mosquito Control District Vector Surveillance program to survey mosquito populations.",NA,"Peter J Brabant;Peter J Brabant III",NA,NA,NA,"CC BY","VBP0000264","unpublished","Culex erraticus","Walton County",NA,NA,NA,NA,NA,NA,"light","new jersey trap catch",NA,NA,NA,NA,2016-10-06,NA,0,"female","adult","Walton County",NA,30.3736,-86.3215,NA,NA,NA,NA
1734952,"Mosquito surveillance in South Walton County, Florida, USA. 2016","DOI:10.5281/zenodo.1220176,https://southwaltonmosquitocontrol.org/",NA,"Mosquito surveillance from the South Walton County Mosquito Control District Vector Surveillance program to survey mosquito populations.",NA,"Peter J Brabant;Peter J Brabant III",NA,NA,NA,"CC BY","VBP0000264","unpublished","Culex erraticus","Walton County",NA,NA,NA,NA,NA,NA,"light","new jersey trap catch",NA,NA,NA,NA,2016-10-06,NA,0,"female","adult","Walton County",NA,30.3469,-86.0694,NA,NA,NA,NA
1735028,"Mosquito surveillance in South Walton County, Florida, USA. 2016","DOI:10.5281/zenodo.1220176,https://southwaltonmosquitocontrol.org/",NA,"Mosquito surveillance from the South Walton County Mosquito Control District Vector Surveillance program to survey mosquito populations.",NA,"Peter J Brabant;Peter J Brabant III",NA,NA,NA,"CC BY","VBP0000264","unpublished","Culex erraticus","Walton County",NA,NA,NA,NA,NA,NA,"light","new jersey trap catch",NA,NA,NA,NA,2016-10-06,NA,0,"female","adult","Walton County",NA,30.3139,-86.088,NA,NA,NA,NA
1735052,"Mosquito surveillance in South Walton County, Florida, USA. 2016","DOI:10.5281/zenodo.1220176,https://southwaltonmosquitocontrol.org/",NA,"Mosquito surveillance from the South Walton County Mosquito Control District Vector Surveillance program to survey mosquito populations.",NA,"Peter J Brabant;Peter J Brabant III",NA,NA,NA,"CC BY","VBP0000264","unpublished","Culex erraticus","Walton County",NA,NA,NA,NA,NA,NA,"light","new jersey trap catch",NA,NA,NA,NA,2016-10-06,NA,0,"female","adult","Walton County",NA,30.3295,-86.1582,NA,NA,NA,NA
